USE uts_pbd_kelompok_04;

INSERT INTO dosen VALUES
('D001','Abdul Malik','malik@gmail.com'),
('D002','hasan','hasan@gmail.com'),

INSERT INTO mata_kuliah VALUES
('MK001','Pemrograman Basis Data',3,4,'D001'),
('MK002','Basis Data',3,3,'D002'),
('MK003','Algoritma Pemrograman',3,1,'D003');

INSERT INTO grade_nilai VALUES
('A',4.00,93,100),
('A-',3.75,85,92.99),
('B+',3.50,81,84.99),
('B',3.25,75,80.99),
('B-',3.00,71,74.99),
('C+',2.75,66,70.99),
('C',2.50,61,65.99),
('C-',2.00,56,60.99),
('D',1.00,40,55.99),
('E',0.00,0,39.99);

INSERT INTO mahasiswa VALUES
('231011001','Aulia','IF-A',2023),
('231011002','Fajar','IF-A',2023),
('231011003','Rina','IF-A',2023),
('231011004','Andi','IF-A',2023),
('231011005','Putri','IF-A',2023),
('231011006','Rahmat','IF-A',2023),
('231011007','Rizky','IF-A',2023),
('231011008','Dina','IF-A',2023),
('231011009','Sinta','IF-A',2023),
('231011010','Budi','IF-A',2023),
('231011011','Tono','IF-B',2023),
('231011012','Mira','IF-B',2023),
('231011013','Rudi','IF-B',2023),
('231011014','Nia','IF-B',2023),
('231011015','Fani','IF-B',2023),
('231011016','Ilham','IF-B',2023),
('231011017','Yusuf','IF-B',2023),
('231011018','Nabila','IF-B',2023),
('231011019','Rani','IF-B',2023),
('231011020','Farhan','IF-B',2023);

INSERT INTO nilai_praktikum
(nim,kode_mk,nilai_tugas,nilai_kuis,nilai_uts)
VALUES
('231011001','MK001',80,85,90),
('231011002','MK001',70,75,80),
('231011003','MK001',60,65,70),
('231011004','MK001',90,92,95),
('231011005','MK001',50,55,60),
('231011006','MK001',88,84,90),
('231011007','MK001',76,78,80),
('231011008','MK001',65,60,70),
('231011009','MK001',95,90,96),
('231011010','MK001',40,50,55),
('231011011','MK002',78,80,82),
('231011012','MK002',82,84,88),
('231011013','MK002',55,58,60),
('231011014','MK002',68,70,72),
('231011015','MK002',85,87,90),
('231011016','MK003',60,65,66),
('231011017','MK003',75,78,80),
('231011018','MK003',92,94,95),
('231011019','MK003',45,50,55),
('231011020','MK003',70,72,75);